0110HasanBasri.FadailMakka,JK000644-ara1,inProgress,
0195MuarrijSadusi.HadhfMinNasabQuraysh,Shamela0000496-ara1,inProgress,
0200IbnCumarDabbi.Fitna,JK000397-ara1,,
0204IbnKalbi.AnsabKhayl,JK010576-ara1,,
0204IbnKalbi.JamharatAnsab,JK010504-ara1,,
0204IbnKalbi.NasabMacad,JK010486-ara1,,
0207Waqidi.FutuhSham,JK000407-ara1,,
0207Waqidi.Maghazi,JK009232-ara1,,
0207Waqidi.Ridda,Shamela0012222-ara1,,
0209MacmarIbnMuthanna.Dibaj,JK010636-ara1,,
0209MacmarIbnMuthanna.Khayl,JK010790-ara1,,
0213IbnHisham.SiraNabawiyya,JK000797-ara1,,
0213IbnHisham.Tijan,Shamela0037473-ara1,,
0214IbnCabdHakamMisri.SiratCumarIbnCabdCaziz,JK001206-ara1,,
0216IbnQuraybAsmaci.FuhulaShucara,Shamela0001597-ara1,,
0230IbnSacd.TabaqatKubra,Shamela0001686-ara1,inProgress,
0231IbnSallamJumahi.TabaqatFuhulShucara,JK001296-ara1,,yes
0233YahyaIbnMacin.MacrifatRijal,Shamela0000101-ara1,,
0233YahyaIbnMacin.MinKalamFiRijal,JK000716-ara1,,
0233YahyaIbnMacin.TarikhIbnMacin,JK000856-ara1,,
0234AbuHasanSacdi.TasmiyatManRuwiya,JK000504-ara1,,
0240KhalifaIbnKhayyat.Tabaqat,JK000516-ara1,,yes
0240KhalifaIbnKhayyat.Tarikh,JK000412-ara1,,
0241IbnHanbal.AsamiWaKuna,JK000525-ara1,,
0241IbnHanbal.CilalWaMacrifa,JK000521-ara1,,
0241IbnHanbal.FadailSahaba,JK000482-ara1,,
0245MuhammadIbnHabib.MukhtalafQabail,JK010501-ara1,,
0249Azraqi.AkhbarMakka,JK003504-ara1,,yes
0256Bukhari.Ducafa,Shamela0008632-ara1,,
0256Bukhari.DucafaSaghir,JK000507-ara1,,
0256Bukhari.TarikhKabir,Shamela0000956-ara1,inProgress,
0256Bukhari.TarikhSaghir,JK000531-ara1,,
0256ZubayrIbnBakkar.AkhbarMuwaffaqiyat,Shamela0028453-ara1,,
0256ZubayrIbnBakkar.JamharatNasabQuraysh,JK010495-ara1,,
0256ZubayrIbnBakkar.Muntakhab,JK000668-ara1,,
0257IbnCabdHakam.FutuhMisr,JK001049-ara1,,
0259IbnYacqubJuzjani.AhwalRijal,JK000664-ara1,,
0261AbuHasanCijli.MacrifatThiqat,JK000497-ara1,,
0261Muslim.KunaWaAsma,JK000826-ara1,,
0261Muslim.Munfaridat,JK000512-ara1,,
0262AbuZaydNumayri.TarikhMadina,JK003505-ara1,,yes
0272Fakihi.AkhbarMakka,JK000934-ara1,,yes
0276IbnQutaybaDinawari.Macarif,Shamela0012129-ara1,completed,
0277IbnSufyanFasawi.MacrifaWaTarikh,JK010384-ara1,,
0277IbnSufyanFasawi.Mashyakha,Shamela0021670-ara1,,yes
0279Baladhuri.AnsabAshraf,JK010481-ara1,,
0279Baladhuri.FutuhBuldan,JK000399-ara1,,
0279IbnAbiKhaythama.TarikhKabir,JK007002-ara1,,
0279Tirmidhi.CilalSaghir,JK000558-ara1,,
0280IbnTayfur.Baghdad,Shamela0005880-ara1,completed,
0281AbuZurcaDimashqi.Tarikh,JK010374-ara1,,
0282AbuHanifaDinawari.AkhbarTiwal,JK009300-ara1,inProgress,
0286Mubarrad.NasabCadnan,JK010488-ara1,,
0287Dahhak.AhadWaMathani,JK000481-ara1,,
0292Bahshal.TarikhWasit,JK000661-ara1,,yes
0292Yacqubi.Buldan,JK010460-ara1,,
0292Yacqubi.TarikhYacqubi,JK001493-ara1,completed,yes
0296IbnMuctazz.TabaqatShucara,Shamela0007867-ara1,,yes
0300IbnKhurdadhbih.MasalikWaMamalik,Shamela0011800-ara1,completed,
0300MuallifMajhul.AkhbarDawlaCabbasiya,Shia003471-ara1,,
0301Bardiji.TabaqatAsma,JK000748-ara1,,
0303Nasai.DhikrMudallisin,JK010902-ara1,,
0303Nasai.DucafaWaMatrukin,JK000509-ara1,,
0303Nasai.FadailSahaba,JK000747-ara1,,
0303Nasai.Tabaqat,JK000831-ara1,,yes
0303Nasai.TasmiyaFuqaha,JK000827-ara1,,
0303Nasai.TasmiyaManLamYarwi,JK011235-ara1,,
0303Nasai.TasmiyaShuyukh,JK009386-ara1,,
0306IbnHayyanDabbi.AkhbarQudat,JK007001-ara1,inProgress,
0309IbnFadlan.Rihla,JK000408-ara1,,
0310IbnAhmadDulabi.Dhariyya,JK000621-ara1,,
0310IbnAhmadDulabi.KunaWaAsma,JK007016-ara1,,
0310Tabari.MuntakhabMinDhayl,JK011133-ara1,,
0310Tabari.Tarikh,Shia003474Vols-ara1,inProgress,
0314IbnActhamKufi.Futuh,Shia003675Vols-ara1,,
0317AbuQasimBaghawi.MucjamSahaba,Shamela0023100-ara1,,yes
0317AbuQasimBaghawi.TarikhWafatShuyukh,Shamela0027106-ara1,,yes
0318AbuCurubaHarrani.MuntaqaMinTabaqat,JK011440-ara1,,yes
0320CaribQurtubi.SilaTarikhTabari,JK011178-ara1,,
0322AbuJacfarCuqayli.DucafaKabir,JK000524-ara1,,
0325IbnSahlRazi.AkhbarFakhkh,Shamela0117366-ara1,,
0327IbnAbiHatimRazi.JarhWaTacdil,JK000517-ara1,,
0330Sirafi.Rihla,Shamela0011269-ara1,,yes
0333AbuCarabTamimi.Mihan,JK001147-ara1,,
0333AbuCarabTamimi.TabaqatCulama,Shamela0013079-ara1,,yes
0334IbnSacidQushayri.TarikhRaqqa,Shamela0026383-ara1,,yes
0346Istakhri.MasalikWaMamalik,JK010472-ara1,,
0346Mascudi.AkhbarZaman,Shamela0008620-ara1,completed,
0346Mascudi.MurujDhahab,JK010344-ara1,,yes
0347IbnYunusSadafi.Tarikh,Shamela0011686-ara1,completed,
0349IbnCumarMuqri.AkhbarNahwiyyin,JK000694-ara1,,yes
0351IbnQanic.MucjamSahaba,JK000725-ara1,,yes
0354IbnHibbanBusti.Majruhin,JK000514-ara1,,yes
0354IbnHibbanBusti.MashahirCulamaAmsar,JK000515-ara1,,
0354IbnHibbanBusti.Sira,Shamela0009898-ara1,,
0354IbnHibbanBusti.Thiqat,JK000513-ara1,,
0355AbuFarajIsbahani.Aghani,JK001138-ara1,,
0355AbuFarajIsbahani.Diyarat,JK010725-ara1,,
0355MuhammadKindi.FadailMisr,JK010405-ara1,,
0355MuhammadKindi.QudatMisr,Shamela0012831-ara1,mARkdown,
0355MuhammadKindi.WulatMisr,JK010325-ara1,mARkdown,
0360Khawlani.TarikhDaraya,JK011453-ara1,,yes
0360Tabarani.MucjamKabir,JK000474-ara1,,
0363QadiNucman.SharhAkhbar,Shia001278Vols-ara1,,
0365IbnCadiJurjani.AsamiManRawaCanhum,JK000740-ara1,,
0365IbnCadiJurjani.KamilFiDucafa,JK001069-ara1,,
0365IbnFaqihHamadhani.Buldan,Shamela0011685-ara1,inProgress,
0367IbnHawqal.SuraArd,Shamela0011780-ara1,,yes
0368AbuGhalibZurari.Risala,Shia002929-ara1,,
0368Sirafi.AkhbarNahwiyyin,Shamela0026338-ara1,,yes
0369AbuShaykhIsbahani.TabaqatMuhaddithin,JK000520-ara1,mARkdown,
0370IbnBishrAmidi.MutalifWaMukhtalif,JK010675-ara1,,
0374IbnHusaynAzdi.AsmaManYucrafBiKunya,JK000526-ara1,,yes
0374IbnHusaynAzdi.KunaLiManLaYucrafLahuIsm,Shamela0026895-ara1,,yes
0374IbnHusaynAzdi.Makhzun,JK000970-ara1,,
0374IbnHusaynAzdi.ManWafaqaIsmuhuIsmAbihi,JK000666-ara1,,
0379MuhammadRabci.TarikhMawlidCulama,JK000651-ara1,completed,
0380Muhallabi.MasalikWaMamalik,Shamela0011785-ara1,,
0382IbnCabdAllahCaskari.AkhbarMusahhifin,JK000722-ara1,,yes
0384IbnCimranMarzubani.AkhbarSayyidHumaydi,Shia003993-ara1,,
0384IbnCimranMarzubani.MucjamShucara,JK010275-ara1,,yes
0384IbnCimranMarzubani.MukhtasarAkhbarShucaraShica,Shia003994-ara1,,yes
0385Daruqutni.DhikrAsmaTabicin,JK001323-ara1,,yes
0385Daruqutni.Ducafa,Shamela0010802-ara1,,
0385Daruqutni.MutalifWaMukhtalif,Shamela0012581-ara1,,
0385Daruqutni.SualatBarqani,JK000506-ara1,,
0385Daruqutni.SualatNaysaburi,JK000527-ara1,,
0385IbnNadim.Fihrist,Shia003355-ara1,completed,
0385IbnShahin.TarikhAsmaDucafa,Shamela0011083-ara1,,yes
0385IbnShahin.TarikhAsmaThiqat,JK000511-ara1,,yes
0386IbnCumarHarbi.Mashyakha,Shamela0030075-ara1,,yes
0388Shabushti.Diyarat,JK010589-ara1,,
0390Muqaddasi.AhsanTaqasim,Shamela0023696-ara1,completed,
0392IbnJinniMawsili.MubhijFiTafsirAsmaShucara,JK010614-ara1,,
0395IbnMandahMuhammad.Asami,Shamela0026889-ara1,,
0395IbnMandahMuhammad.FathBab,JK007024-ara1,,
0395IbnMandahMuhammad.MacrifaSahaba,Shamela0021481-ara1,,yes
0398AbuNasrKalabadhi.HidayaWaIrshad,JK000689-ara1,,
0400IbnTahirMaqdisi.BadWaTarikh,Shamela0012318-ara1,inProgress,
0400MuallifMajhul.HududCalam,Shamela0010809-ara1,,
0403IbnFaradi.TarikhCulamaAndalus,JK001462-ara1,mARkdown,
0405AbuFadlHarawi.MucjamFiMushtabah,JK000867-ara1,,
0405HakimNaysaburi.TalkhisTarikhNaysabur,Shamela0004017-ara1,mARkdown,
0405HakimNaysaburi.TasmiyaManAkhrajahum,JK000759-ara1,,
0412Sulami.TabaqatSufiya,Shamela0006686-ara1,completed,
0418WazirMaghribi.Inas,JK010492-ara1,,
0421IbnMuhammadMarzuqi.AzminaWaAmkina,JK010461-ara1,,
0421Miskawayh.Tajarib,Shamela0012396-ara1,inProgress,
0426IbnAhmadIbnShadhan.MashyakhaSughra,JK001230-ara1,,yes
0427HamzaJurjani.TarikhJurjan,Shamela0011077-ara1,mARkdown,
0428IbnManjuwayhIsbahani.RijalSahihMuslim,JK000670-ara1,,
0429AbuMansurThacalibi.YatimaDahr,Shamela0006743-ara1,completed,
0430AbuNucaymIsbahani.DhikrManIsmuhuShucba,JK001241-ara1,,
0430AbuNucaymIsbahani.Ducafa,JK000502-ara1,,
0430AbuNucaymIsbahani.HilyaAwliya,JK000022-ara1,completed,
0430AbuNucaymIsbahani.MacrifaSahaba,JK009408-ara1,,
0430AbuNucaymIsbahani.TarikhIsbahan,Shia003488Vols-ara1,completed,
0430AbuNucaymIsbahani.TasmiyaMaIntahaIlayna,JK000717-ara1,,
0430AbuNucaymIsbahani.TasmiyyaMaIntahaIlaynaMinRuwat,JK011458-ara1,,
0436HusaynSaymari.AkhbarAbiHanifa,JK000932-ara1,,
0442Tanukhi.TarikhCulamaNahwiyyin,Shamela0001386-ara1,completed,
0446AbuYaclaKhalili.IrshadFiMacrifaCulama,JK000732-ara1,completed,
0448HilalSabi.TuhfaUmara,JK009368-ara1,,
0450Najashi.Rijal,Shia002931-ara1,completed,
0456IbnHazm.AsmaKhulafa,JK009356-ara1,,
0456IbnHazm.FadailAndalus,JK009343-ara1,,
0456IbnHazm.JamharaAnsab,JK009221-ara1,,
0456IbnHazm.NaqtCarus,JK009341-ara1,,
0456IbnHazm.RisalaFiMaratibCulum,JK009344-ara1,,
0456IbnHazm.RisalaFiUmmahatKhulafa,JK009354-ara1,,
0457IbnAhmadSayrafi.Mashyakha,Shamela0012749-ara1,,yes
0458Bayhaqi.DalailNubuwwa,JK006838-ara1,completed,
0460ShaykhTusi.Fihrist,Shia002934-ara1,,yes
0460ShaykhTusi.IkhtiyarMacrifaRijal,Shia002932Vols-ara1,completed,
0460ShaykhTusi.Rijal,Shia002935-ara1,completed,
0463IbnCabdBarr.Durar,JK000118-ara1,,
0463IbnCabdBarr.IntiqaFiFadail,JK001033-ara1,,
0463IbnCabdBarr.IsticabFiMacrifaAshab,JK000778-ara1,completed,
0463KhatibBaghdadi.GhunyaMultamis,JK007120-ara1,,
0463KhatibBaghdadi.MuttafiqWaMuftariq,Shamela0009076-ara1,,
0463KhatibBaghdadi.TarikhBaghdad,Shamela0023764-ara1,completed,
0466CabdAzizKattani.DhaylTarikhMawlidCulama,JK000770-ara1,completed,
0469IbnHayyanQurtubi.Muqtabas,JK010333-ara1,,
0474IbnKhalafBaji.TacdilWaTakhrij,JK000499-ara1,,
0475IbnMakula.IkmalFiRafcIrtiyab,JK000582-ara1,,
0475IbnMakula.TahdhibMustamirr,JK000773-ara1,,
0476AbuIshaqShirazi.TabaqatFuqaha,Shamela0001031-ara1,completed,
0482AbuIshaqHabbal.WafayatMisriyyin,JK000712-ara1,completed,
0487AbuCubaydBakri.MasalikWaMamalik,Shamela0023849-ara1,,
0488IbnFutuhHumaydi.JadhwaMuqtabis,JK010310-ara1,,
0498AbuCaliJayyani.AlqabSahaba,JK007034-ara1,,
0498AbuCaliJayyani.TaqyidMuhmal,JK000986-ara1,,
0500IbnHusaynGhadairiWasiti.Rijal,Shia002936-ara1,,yes
0507AbuBakrShashi.HilyaCulama,JK000244-ara1,completed,
0507IbnQaysarani.AnsabMuttafiqa,JK000686-ara1,,
0508FattalNaysaburi.RawdaWacizin,Shia001171-ara1,,yes
0511IbnMandahYahya.MacrifaAsamiArdaf,JK000757-ara1,,
0515IbnQattac.DurraKhatira,Shamela0005424-ara1,,
0516IbnCabdWahidDaqqaqIsbahani.MucjamMashaikh,Shamela0009622-ara1,,yes
0521MuhammadHamadhani.TakmilaTarikhTabari,JK000414-ara1,,
0524IbnAkfani.DhaylDhaylTarikhMawlidCulama,JK000695-ara1,completed,
0526IbnAbiYacla.TabaqatHanabila,JK000213-ara1,completed,
0535QadiMaristan.Mashyakha,Shamela0026542-ara1,,
0535QawwamSunna.DalailNubuwwa,JK000657-ara1,,
0535QawwamSunna.SiyarSalaf,Shamela0021493-ara1,,
0538JarAllahZamakhshari.JibalWaAmkinaWaMiyah,Shamela0007287-ara1,,
0541IbnCatiyaAndalusi.Fahrasa,JK001007-ara1,,
0542IbnBassamShantarini.Dhakhira,JK006900-ara1,,
0544CiyadIbnMusaYahsubi.Ghunya,Shamela0026463-ara1,,
0544CiyadIbnMusaYahsubi.TartibMadarik,Shamela0031215-ara1,completed,
0550AbuHajjajAshcari.TacrifBiAnsab,JK010487-ara1,,
0550IbnIbrahimAzdiSalmasi.ManazilAimma,Shamela0012089-ara1,,
0555IbnQalanisi.Tarikh,Shamela0022799-ara1,completed,
0561Samcani.Ansab,Shamela0012317-ara1,completed,
0561Samcani.Muntakhab,Shamela0021556-ara1,,yes
0561Samcani.Tahbir,JK001322-ara1,,yes
0565IbnMuhammadAbuBakrBaghdadi.Mashyakha,Shamela0026665-ara1,,yes
0565IbnZaydBayhaqi.LubabAnsab,JK010355-ara1,,yes
0565IbnZaydBayhaqi.TarikhBayhaq,Shamela0011758-ara1,completed,
0565IbnZaydBayhaqi.TatimmaSiwanHikma,JK010273-ara1,,
0569CumaraHakami.NukatCasriyya,Shamela0009248-ara1,,
0571IbnCasakir.MucjamShuyukh,Shamela0012750-ara1,,yes
0571IbnCasakir.TarikhDimashq,JK000916-ara1,completed,
0575IbnBabawayh.Fihrist,Shia002937-ara1,,yes
0575IbnKhayrIshbili.Fahrasa,JK001084-ara1,,yes
0576IbnMuhammadSilafi.Mashyakha,JK000649-ara1,,yes
0576IbnMuhammadSilafi.MucjamSafar,JK011029-ara1,,
0576IbnMuhammadSilafi.Wajiz,JK000987-ara1,,
0577IbnAnbari.NuzhaAlibba,Shamela0003583-ara1,completed,
0578IbnBashkuwal.GhawamidAsma,JK000726-ara1,,
0578IbnBashkuwal.Sila,Shamela0022788-ara1,mARkdown,
0580IbnCaliIbnAbiYacla.TajridAsmaWaKuna,Shamela0096233-ara1,,
0580IbnCimrani.InbaFiTarikhKhulafa,Shamela0012289-ara1,,
0584IbnMunqidhShayzari.ManazilWaDiyar,Shamela0005416-ara1,,
0584IbnMusaHazimi.Amakin,JK010104-ara1,,
0584IbnMusaHazimi.CujalaMubtadi,JK010497-ara1,,
0597CimadDinKatib.BarqShami,JK000393-ara1,,
0597CimadDinKatib.KharidaQasr,JK009377-ara1,,
0597IbnJawzi.DucafaWaMatrukin,JK000721-ara1,,yes
0597IbnJawzi.Mashyakha,Shamela0009619-ara1,,yes
0597IbnJawzi.Muntazam,Shamela0012406-ara1,completed,
0597IbnJawzi.MuthirGharam,Shamela0026674-ara1,,
0597IbnJawzi.SifaSafwa,Shamela0012031-ara1,completed,
0597IbnJawzi.TalqihFuhum,JK001083-ara1,,
0597IbnJawzi.TarikhBaytMuqaddas,JK010412-ara1,,yes
0599IbnYahyaDabbi.BughyatMultamis,Shamela0000728-ara1,,
0600IbnJacfarMashhadi.FadlKufa,Shia001356-ara1,,
0606IbnMamati.LataifDhakhira,Shamela0005392-ara1,,
0611CaliHarawi.Isharat,Shamela0010797-ara1,,
0611SharafDinMuqaddasi.Arbacin,Shamela0026726-ara1,,
0614IbnJubayr.Rihla,JK000416-ara1,,
0615MuwaffaqDinShafici.MurshidZuwwar,Shamela0011789-ara1,,
0617MansurIbnShahanshah.MidmarHaqaiq,JK001145-ara1,,
0623Qazwini.Tadwin,JK001321-ara1,,
0626IbnAbiGhanaimShamsDinIbnSasra.Mashyakha,Shamela0010076-ara1,,yes
0626YaqutHamawi.Khazal,Shamela0005379-ara1,,
0626YaqutHamawi.MucjamBuldan,Shamela0023735-ara1,completed,
0626YaqutHamawi.MucjamUdaba,Shamela0009788-ara1,completed,
0629IbnNuqta.TakmilaIkmal,JK000618-ara1,,
0629IbnNuqta.TaqyidLiMacrifa,JK000688-ara1,,
0630IbnAthirCizzDin.Kamil,JK000911-ara1,completed,
0630IbnAthirCizzDin.LubabFiTahdhibAnsab,Shamela0005793-ara1,mARkdown,
0630IbnAthirCizzDin.UsdGhaba,JK009198-ara1,,yes
0632AbuHafsSuhrawardi.Mashyakha,Shamela0026473-ara1,,yes
0637IbnMustafwi.TarikhIrbil,Shamela0011746-ara1,completed,
0639AbuBakrMalaqi.MatlacAnwar,Shamela0009271-ara1,,
0640AbuHafsDunaysiri.TarikhDunaysir,Shamela0026813-ara1,completed,
0641Sarifini.Muntakhab,JK001172-ara1,,yes
0642IbnNajjar.DhaylTarikhBaghdad,JK009150-ara1,completed,
0642IbnNajjar.DurraThamina,Shamela0026662-ara1,,yes
0643DiyaDinMuqaddasi.FadailBaytMaqdis,JK000508-ara1,,
0643DiyaDinMuqaddasi.JuzAwham,JK001005-ara1,,
0643IbnSalahShahrazuri.TabaqatFuqaha,Shamela0006741-ara1,completed,
0645TilimsaniBurri.Jawhara,JK010493-ara1,,
0646IbnQifti.IkhbarCulama,Shamela0026336-ara1,inProgress,
0646IbnQifti.InbahRuwat,Shamela0010525-ara1,,yes
0646IbnQifti.Muhammadun,JK010323-ara1,,yes
0647CabdWahidMarrakushi.Mucjib,JK000410-ara1,,
0650IbnNazifHamawi.TarikhMansuri,JK001169-ara1,,
0655CabdMuncimTaqiDinShafici.Fawaid,Shamela0011026-ara1,,
0658IbnAbbar.HullaSiyara,Shamela0006630-ara1,completed,
0658IbnAbbar.MucjamAshab,JK009189-ara1,completed,
0658IbnAbbar.TakmilaLiSila,JK001319-ara1,mARkdown,
0658IbnAbbar.TuhfaQadim,Shamela0026108-ara1,completed,
0659SainDinNaccal.Mashyakha,Shamela0026432-ara1,,yes
0660IbnCadim.BughyatTalib,Shamela0010798-ara1,completed,
0660IbnCadim.ZubdaHalab,Shamela0009872-ara1,completed,
0665AbuShama.Rawdatayn,Shamela0006631-ara1,completed,
0668IbnAbiUsaybica.CuyunAnba,JK000962-ara1,,yes
0673AbuMahasinYaghmuri.NurQabas,JK010678-ara1,,
0676Nawawi.TahdhibAsma,JK001320-ara1,,
0680IbnSabuni.TakmilaIkmalIkmal,Shamela0021107-ara1,completed,
0681IbnKhallikan.WafayatAcyan,Shamela0001000-ara1,mARkdown,
0682ZakariyaQazwini.AtharBilad,JK010459-ara1,,yes
0684IbnShaddad.AclaqKhatira,JK010758-ara1,,
0685IbnCibri.TarikhMukhtasarDuwal,Shamela0012348-ara1,completed,
0685IbnSacidMaghribi.GhusunYanica,Shamela0009235-ara1,,
0685IbnSacidMaghribi.Jughrafiya,JK010463-ara1,,
0685IbnSacidMaghribi.Mughrib,JK000404-ara1,,yes
0685IbnSacidMaghribi.NashwatTarab,Shamela0028174-ara1,,
0690IbnMujawirDimashqi.TarikhMustabsir,JK010471-ara1,,yes
0693IbnAbiFathIrbili.KashfGhumma,Shia003707Vols-ara1,,
0694MuhibbDinTabari.Dhakhair,JK001015-ara1,,
0694MuhibbDinTabari.RiyadNadira,JK000701-ara1,,
0696DiyaDinTurkumani.Mashyakha,Shamela0021681-ara1,,yes
0696IbnZahiri.Mashyakha,JK009154-ara1,,yes
0701SharafDinYunini.Mashyakha,Shamela0026722-ara1,,yes
0703MuhammadMarrakushi.DhaylWaTakmila,JK011030-ara1,,
0705SharafDinDimyatti.MucjamShuyukh,Shamela0030652-ara1,,yes
0709CaliCalawi.Majdi,Shia003445-ara1,,
0709IbnTiqtaqa.FakhriFiAdab,JK010372-ara1,,
0711IbnManzurIfriqi.MukhtasarTarikhDimashq,Shamela0003118-ara1,completed,
0714AhmadGhibrini.CunwanDiraya,Shamela0096611-ara1,,
0723IbnFuwati.Hawadith,JK009307-ara1,,
0724IbnCattar.TuhfaTalibin,JK010321-ara1,,
0726CallamaHilli.KhulasatAqwal,Shia002940-ara1,,
0726CallamaHilli.TadhkiratFuqaha,Shia000089Vols-ara1,,
0726Yunini.DhaylMiratZaman,Shamela0012722-ara1,inProgress,
0730MuhammadTujibi.Barnamaj,Shamela0009870-ara1,,yes
0732AbuFida.MukhtasarFiAkhbar,Shamela0012715-ara1,inProgress,
0732IbnYacqubJanadi.SulukFiTabaqat,JK007011-ara1,completed,
0733IbnJamacaBadrDinHamawi.Mashyakha,Shamela0030327-ara1,,yes
0733Nuwayri.NihayaArab,JK009238-ara1,,
0739IbnMuhammadBirzaliIshbili.Mashyakha,JK001188-ara1,,yes
0740IbnDawudHilli.Rijal,Shia002941-ara1,,yes
0741KhatibTabrizi.Ikmal,Shia002942-ara1,,
0742Mizzi.TahdhibKamal,Shamela0003722-ara1,completed,
0744MuhammadIbnQudamaMaqdisi.CuqudDurriyya,JK000363-ara1,,
0747MuhyiDinYunini.Mashyakha,Shamela0026495-ara1,,yes
0748Dhahabi.CibarFiKhabar,Shamela0025841-ara1,completed,
0748Dhahabi.Culuww,Shamela0006463-ara1,completed,
0748Dhahabi.DhaylCibar,JK001291-ara1,completed,
0748Dhahabi.DhaylDiwanDucafa,Shamela0096956-ara1,completed,
0748Dhahabi.DhikrAsmaManTakallama,Shamela0001892-ara1,completed,
0748Dhahabi.DiwanDucafa,Shamela0096955-ara1,completed,
0748Dhahabi.Kashif,Shia003276Vols-ara1,completed,
0748Dhahabi.MacrifaQurraKibar,JK000443-ara1,completed,
0748Dhahabi.ManaqibAbiHanifa,Shamela0010461-ara1,,
0748Dhahabi.MizanIctidal,JK001293-ara1,completed,
0748Dhahabi.MucinFiTabaqatMuhaddithin,JK000658-ara1,completed,
0748Dhahabi.MucjamMuhaddithin,JK000763-ara1,completed,
0748Dhahabi.MucjamShuyukh,Shamela0012531-ara1,completed,
0748Dhahabi.MughniFiDucafa,JK001307-ara1,completed,
0748Dhahabi.MukhtasarCuluww,Shamela0007318-ara1,completed,
0748Dhahabi.MukhtasarMinDubaythi,JK009161-ara1,completed,
0748Dhahabi.Muqtana,Shamela0007271-ara1,completed,
0748Dhahabi.RuwatThiqat,JK001220-ara1,,yes
0748Dhahabi.SiyarAclamNubala,Shamela0010906-ara1,completed,
0748Dhahabi.TadhkiraHuffaz,JK000532-ara1,completed,
0748Dhahabi.TarikhIslam,Shamela0035100-ara1,mARkdown,
0748IbnDimyati.Mustafad,JK009162-ara1,,
0749IbnWardi.Tarikh,JK009147-ara1,,yes
0749ShihabDinCumari.MasalikAbsar,JK010407-ara1,,
0749Wadiashi.Barnamaj,JK001279-ara1,,yes
0750AbuHafsQazwini.Mashyakha,Shamela0026802-ara1,,yes
0761IbnKaykaldi.JamicTahsil,JK000551-ara1,,
0761IbnKaykaldi.Mukhtalitin,JK001165-ara1,,
0762MughaltayIbnQalij.IkmalTahdhib,Shamela0036515-ara1,completed,
0764IbnShakirKutubi.FawatWafayat,Shamela0001003-ara1,completed,
0764Safadi.AcyanCasr,Shamela0000131-ara1,completed,
0764Safadi.NaktHimyan,JK010550-ara1,,
0764Safadi.WafiBiWafayat,JK003609-ara1,completed,
0765AbuMahasinHusayni.DhaylTadhkira,JK001250-ara1,,
0765AbuMahasinHusayni.IkmalLiRijal,JK000547-ara1,,yes
0766IbnIbrahimIbnImamSakhra.Mashyakha,Shamela0027103-ara1,,yes
0767Balawi.TajMafriq,JK010478-ara1,,
0768Yafici.MiratJanan,Shamela0009091-ara1,completed,
0771Subki.MucjamShuyukh,Shamela0026389-ara1,,yes
0771Subki.TabaqatShaficiyaKubra,JK000914-ara1,mARkdown,
0774IbnKathir.Bidaya,Shamela0004445-ara1,inProgress,
0774IbnKathir.TabaqatShaficiyyin,Shamela0012860-ara1,mARkdown,
0774IbnKathir.Takmil,Shamela0096228-ara1,,
0774IbnRaficSallami.MashyakhatBayani,Shamela0027103-ara1,,
0774IbnRaficSallami.Wafayat,Shamela0006724-ara1,completed,
0775IbnAbiWafa.JawahirMudiya,JK009262-ara1,,
0776LisanDinIbnKhatib.Ihata,JK009224-ara1,,yes
0776LisanDinIbnKhatib.KatibaKamina,JK011027-ara1,,
0776LisanDinIbnKhatib.KhatraTayf,JK010474-ara1,,
0776LisanDinIbnKhatib.MicyarIkhtiyar,Shamela0011940-ara1,,
0779IbnBattuta.Rihla,JK000409-ara1,,
0782IbnSallar.TabaqatQurra,Shamela0030067-ara1,,yes
0793AbuHasanMalaqi.TarikhQudat,JK009319-ara1,,yes
0795IbnRajabHanbali.DhaylTabaqatHanabila,Shamela0031366-ara1,completed,
0799IbnFarhun.DibajMudhahhab,JK000174-ara1,,yes
0804IbnMulaqqin.TabaqatAwliya,JK010755-ara1,,yes
0806IbnHusaynZaynDinCiraqi.DhaylMizan,JK005015-ara1,,yes
0807IbnAhmarKhazraji.NafhaNisriniyya,JK010401-ara1,,
0808IbnKhaldun.Rihla,Shamela0037022-ara1,,
0808IbnKhaldun.Tarikh,Shamela0012320-ara1,inProgress,
0809IbnQunfudh.Wafayat,JK001481-ara1,,yes
0812CaliKhazraji.CuqudLuluiyya,Shamela0009233-ara1,,
0816AbuBakrMaraghi.Mashyakha,Shamela0026731-ara1,,yes
0817MajdDinFiruzabadi.BulghaFiTarajim,JK000396-ara1,,yes
0821Qalqashandi.NihayaArab,Shamela0031382-ara1,,
0821Qalqashandi.QalaidJuman,JK010489-ara1,,
0825IbnQasimSabti.IkhtisarAkhbar,Shamela0036150-ara1,,
0826IbnCiraqi.TuhfaTahsil,JK001255-ara1,,
0828IbnCinaba.CumdatTalib,Shia001388-ara1,,yes
0832AbuTayyibFasi.DhaylTaqyid,JK000680-ara1,,
0832AbuTayyibFasi.ShifaGharam,Shamela0008362-ara1,,
0833IbnJazari.GhayaNihaya,JK010283-ara1,,yes
0833IbnJazari.ZahrFaih,JK010408-ara1,,
0841BurhanDinSibtIbnCajami.Ightibat,JK000246-ara1,,
0841BurhanDinSibtIbnCajami.KashfHathith,JK000495-ara1,,
0841BurhanDinSibtIbnCajami.TabyinLiAsma,JK000501-ara1,,
0842IbnNasirDinDimashqi.RaddWafir,JK000366-ara1,,
0842IbnNasirDinDimashqi.TawdihMushtabih,JK007097-ara1,,
0845Maqrizi.IqazHunafa,JK009215-ara1,,
0845Maqrizi.Mawaciz,Shamela0011566-ara1,,yes
0845Maqrizi.MukhtasarKamil,JK009182-ara1,,
0845Maqrizi.Suluk,Shamela0006667-ara1,completed,
0851IbnQadiShuhba.TabaqatShaficiya,JK000195-ara1,inProgress,
0852IbnHajarCasqalani.DurarKamina,Shamela0006674-ara1,completed,
0852IbnHajarCasqalani.InbaGhumr,JK009239-ara1,,
0852IbnHajarCasqalani.IsabaFiTamyiz,JK000533-ara1,completed,
0852IbnHajarCasqalani.ItharBiMacrifa,JK000656-ara1,,
0852IbnHajarCasqalani.LisanMizan,JK000534-ara1,,yes
0852IbnHajarCasqalani.MucjamMufahras,JK001149-ara1,,
0852IbnHajarCasqalani.NuzhaAlbab,JK000936-ara1,,
0852IbnHajarCasqalani.RafcCisr,JK009280-ara1,,
0852IbnHajarCasqalani.TabaqatMudallisin,JK000535-ara1,,yes
0852IbnHajarCasqalani.TabsirMuntabih,JK009358-ara1,,
0852IbnHajarCasqalani.TacjilManfaca,JK000536-ara1,,
0852IbnHajarCasqalani.TahdhibTahdhib,JK000134-ara1,completed,
0852IbnHajarCasqalani.TaqribTahdhib,JK000121-ara1,,yes
0854IbnDiyaMakki.TarikhMakka,JK009303-ara1,,yes
0855BadrDinCayni.CiqdJuman,JK010380-ara1,,yes
0855BadrDinCayni.CumdatQari,Shamela0005756-ara1,inProgress,
0855BadrDinCayni.MaghaniAkhyar,JK011148-ara1,,
0871IbnFahdMakki.LahzAlhaz,JK004502-ara1,,
0874IbnTaghribirdi.HawadithDahriya,JK010774-ara1,,
0874IbnTaghribirdi.ManhalSafi,Shamela0023156-ara1,,yes
0874IbnTaghribirdi.MawridLatafa,JK007028-ara1,,
0874IbnTaghribirdi.NujumZahira,JK001330-ara1,completed,
0879IbnQutlubugha.TajTarajim,JK009243-ara1,,yes
0879IbnQutlubugha.Thiqat,Shamela0096165-ara1,completed,
0884AbuDharrSibtIbnCajami.KunuzDhahab,Shamela0011786-ara1,,
0884IbnMuflih.MaqsidArshad,JK004503-ara1,,
0893IbnAbiBakrHadari.BahjatMahafil,Shamela0009780-ara1,,
0900AbuCabdAllahHimyari.RawdMictar,Shamela0001043-ara1,mARkdown,
0902Sakhawi.Buldaniyyat,JK007062-ara1,,yes
0902Sakhawi.DawLamic,JK003608-ara1,inProgress,
0902Sakhawi.ManhalCadhb,JK010317-ara1,,
0902Sakhawi.TuhfaLatifa,JK001475-ara1,,
0904Burayhi.TabaqatSulahaYaman,JK001237-ara1,,yes
0905Basrawi.Tarikh,JK000400-ara1,,yes
0909IbnMibradHanbali.MucjamKutub,JK001126-ara1,,
0911Samhudi.KhulasaWafaWafa,Shamela0031372-ara1,,
0911Samhudi.WafaWafa,JK010420-ara1,,
0911Suyuti.AsmaMudallisin,JK010005-ara1,,yes
0911Suyuti.AsmaMukhadramin,JK000305-ara1,,yes
0911Suyuti.BughyaWucat,Shamela0006744-ara1,completed,
0911Suyuti.DhaylTabaqatHuffaz,JK004504-ara1,,yes
0911Suyuti.GhurarFiFadailCumar,JK010193-ara1,,
0911Suyuti.HusnMuhadara,JK010772-ara1,,
0911Suyuti.IscafMubatta,JK000550-ara1,,
0911Suyuti.LubbLubab,Shamela0007418-ara1,mARkdown,
0911Suyuti.NazmCiqyan,JK009212-ara1,,yes
0911Suyuti.RihNisrin,JK000851-ara1,,
0911Suyuti.TabaqatHuffaz,JK000753-ara1,completed,
0911Suyuti.TabaqatMufassirin,JK000442-ara1,,yes
0911Suyuti.TarikhKhulafa,JK000117-ara1,,yes
0922IbnShaykhTarabulusi.IscafAwqaf,Shamela0096262-ara1,,
0923IbnCabdAllahKhazraji.KhulasaTahdhib,Shamela0005858-ara1,completed,
0927Culaymi.UnsJalil,JK003501-ara1,,
0927Nucaymi.DarisFiMadaris,JK000417-ara1,inProgress,
0929IbnKayyal.KawakibNayyirat,JK000500-ara1,,
0938IbnCaliBalawi.Thabat,JK001251-ara1,,
0945ShamsDinDawudi.TabaqatMufassirin,Shamela0027084-ara1,,yes
0953IbnTulun.MufakahaKhillan,JK009290-ara1,,
0968Tashkubruizadah.ShaqaiqNucmaniyya,JK000421-ara1,,yes
0973CabdWahhabShacrani.LawaqihAnwar,JK009301-ara1,,yes
1010TamimiDari.TabaqatSaniya,JK010322-ara1,,yes
1011SahibMacalim.TahrirTawusi,Shia002944-ara1,,
1016MuhibbDinHamawi.HadiAzcan,JK010476-ara1,,
1037CabdQadirCaydarus.TarikhNurSafir,JK000418-ara1,,
1041BurhanDinMaliki.BahjaMahafil,Shamela0096239-ara1,,
1041Maqarri.AzharRiyad,JK010757-ara1,,
1041Maqarri.NafhTib,JK001474-ara1,,
1051Cimadi.RawdaRayya,JK001216-ara1,,
1061NajmDinGhazzi.KawakibSaira,Shamela0010912-ara1,completed,
1067HajjiKhalifa.KashfZunun,JK000468-ara1,,yes
1069ShihabDinKhafaji.RayhanaAlibba,JK010792-ara1,,
1070MuhammadKibrit.RihlaShita,Shamela0037345-ara1,,
1078RiyadZadah.AsmaKutub,JK001121-ara1,,
1086IbnCajamiMisri.DhaylLubbLubab,Shamela0096236-ara1,,
1089IbnCimad.Shadharat,Shamela0012398-ara1,completed,
1100IbnMuhammadAdnahwi.TabaqatMufassirin,Shamela0006729-ara1,completed,
1100MustafaTafrishi.NaqdRijal,Shia002948Vols-ara1,,yes
1101MuhammadCaliArdabili.JamicRuwat,Shia002953Vols-ara1,,
1111MuhammadAminMuhibbi.KhulasaAthr,JK003502-ara1,,
1119IbnMacsum.SulafaCasr,JK010298-ara1,,
1120CaliKhanMadani.DarajatRafica,Shia002958-ara1,,
1122MuhammadZarqani.SharhCalaMawahib,Shamela0026568-ara1,,
1126MuhammadHanbali.Mashyakha,Shamela0000202-ara1,,yes
1147CabdAllahSancani.TarikhYaman,JK001483-ara1,,
1153IbnKannan.YawmiyyatShamiyya,JK010397-ara1,,
1158IbnCaliFaruqiTahanawi.KashshafIstalahat,Shamela0002573-ara1,,
1173IbnCaliMusawiTustari.TadhyilSulafatCasr,Shia004660-ara1,,
1175AhmadBudayri.HawadithDimashq,JK010404-ara1,,yes
1175MuhammadKarabisi.IklilManhaj,Shia002959-ara1,,
1206Muradi.SilkDurar,Shamela0009607-ara1,completed,
1212BahrCulum.FawaidRijaliya,Shia002964Vols-ara1,,
1212WahidBahbahani.FawaidRijaliya,Shia002961-ara1,,
1218SalihFulani.QatfThamar,JK000957-ara1,,
1232IbnKhatibCumari.RawdaFayha,Shamela0005455-ara1,,
1237Jabarti.CajaibAthar,JK000394-ara1,,
1250IbnCaliShawkani.BadrTalic,JK000998-ara1,,
1269CabdMalikCasimi.SamtNujum,JK003503-ara1,,
1286IcjazHusaynKunturi.KashfHajb,Shia003358-ara1,,
1293MahdiKujuriShirazi.FawaidRijaliyya,Shia002968-ara1,,
1306MullaCaliKanni.TawdihMaqal,Shia002969-ara1,,
1307Qannawji.AbjadCulum,JK000676-ara1,,
1307Qannawji.HittaFiDhikr,JK000971-ara1,,
1307Qannawji.LuqtaCajlan,JK001132-ara1,,
1313Barujirdi.Taraif,Shia002970Vols-ara1,,
1313VanDyck.IktifaQunuc,JK001441-ara1,,
1315AbuMacaliKalbasi.RasailRijaliyya,Shia002972Vols-ara1,,
1315Salawi.IstiqsaLiAhkbar,JK001325-ara1,,
1318MuhammadSanusi.Musamarat,Shamela0005440-ara1,,
1330IbnMusaTabrizi.MiratKutub,Shia003359-ara1,,
1331IbnAminShinqiti.WasitFiTarajim,Shamela0095696-ara1,,
1332HassunBuraqi.TarikhKufa,Shia003633-ara1,,yes
1332ZaynabFawwaz.DurrManthur,Shamela0009229-ara1,,yes
1334NajmDinTabasi.RijalKhaqani,Shia002976-ara1,,
1335CabdRazzaqBaytar.HilyaBashar,JK010388-ara1,,
1338MuhammadFaridBey.Bahja,JK009384-ara1,,
1338MuhammadFaridBey.Tarikh,JK000411-ara1,,
1339IsmacilBashaBaghdadi.HadiyatCarifin,Shia003362Vols-ara1,mARkdown,
1339IsmacilBashaBaghdadi.IdahMaknun,JK000845-ara1,,yes
1340HabibAllahSharifKashani.DurraFakhira,Shia002977-ara1,,
1341CabdHayyTalibi.IclamBiMan,Shamela0001584-ara1,,
1345IbnJacfarKattani.RisalaMustatrafa,JK000224-ara1,,
1346CabbasIbnMuhammadMadani.MukhtasarFathRabbArbab,Shamela0031381-ara1,,
1346CbdQadirBadran.Munadama,JK000964-ara1,,
1346LuisShikhuYasuci.ShucaraNasraniyya,Shamela0021525-ara1,,
1347BashirYamut.Shacirat,Shamela0021508-ara1,,
1351IbnHusaynGhazzi.NahrDhahab,Shamela0011788-ara1,,
1351YusufIlyanSarkis.MucjamMatbucat,Shia003364Vols-ara1,,
1354HasanSadr.Takmila,Shia002979-ara1,,
1355AhmadTahtawi.TanbihWaIqaz,JK004505-ara1,,
1356AbuHudaKalbasi.SamaMaqal,Shia002980Vols-ara1,,
1359CabbasQummi.Kuna,Shia003764Vols-ara1,,
1360IbnQasimMakhluf.ShajaraNur,Shamela9007669-ara1,,
1368HasanAmin.MustadrakatAcyanShica,Shia003634Vols-ara1,,yes
1371MuhsinCamili.AcyanShica,Shia003636Vols-ara1,inProgress,yes
1372KurdCali.KhitatSham,Shamela0037063-ara1,,
1376CabdRahmanSacdi.Muallafat,JK010075-ara1,,
1381MuhammadSancani.MulhaqBadr,JK008005-ara1,,
1383CadbHayyKattani.FihrisFaharis,JK001082-ara1,,
1389AghaBuzurgTihrani.DharicaFiTasanifShica,Shia003366Vols-ara1,,
1389AghaBuzurgTihrani.DhaylKashfZunun,Shia003395-ara1,,
1389AghaBuzurgTihrani.TASHAnwarSatica,JK000951-ara1,,
1389AghaBuzurgTihrani.TASHNawabighRuwat,JK001204-ara1,,
1396KhayrDinZirikli.Aclam,Shamela0012286-ara1,completed,
1405CaliShahrudi.Mustadrakat,Shia002984Vols-ara1,,
1408CumarKahhala.MucjamMuallifin,Shia003408Vols-ara1,,yes
1408CumarKahhala.MucjamQabail,Shia003451Vols-ara1,,yes
1413TajDinKhui.MucjamRijal,Shia002992Vols-ara1,,yes
1418SalihAhmadArkani.TihfaMajalis,Shamela0002138-ara1,,
1419MahmudTanahi.MujizFiMarajic,Shamela0009847-ara1,,
1422MuhammadSalimMuhaysin.MucjamHuffazQuran,Shamela0038067-ara1,,
1422MuqbilWadici.TarajimRijal,Shamela0029879-ara1,,
1424IhsanCabbas.ShadharatMinKutubMafquda,Shamela0001023-ara1,,
1424MuhammadCaliAbtahi.TarikhAlZarara,Shia002928-ara1,,
1450CabdRahmanAlShaykh.Mashahir,Shamela0011575-ara1,,
1450MajmacFikrIslami.MawsucaMuallifiImamiya,Shia003422Vols-ara1,,
1450MuhammadAbtahi.TahdhibMaqal,Shia003026Vols-ara1,,
1450MuhammadHadiAmini.MucjamMatbicatNajafiya,Shia003421-ara1,,
1450MuhammadKhayrRamadan.TakmilaMucjamMuallifin,Shamela0036031-ara1,,
1450SalahMahmudKhaymi.FaharisCulumQuran,Shamela0038011-ara1,,
1450WalidUmawi.MucjamAshabIbnTaymiyya,Shamela0021524-ara1,,