BookURI,Stage1,Stage2,Stage3,Stage4
0276IbnQutaybaDinawari.Macarif,,,,issue added
0280IbnTayfur.Baghdad,,,,issue added
0292Yacqubi.TarikhYacqubi,,,,issue added
0300IbnKhurdadhbih.MasalikWaMamalik,,,,issue added
0310Tabari.SarihSunna,,,,issue added
0346Mascudi.AkhbarZaman,,,,issue added
0347IbnYunusSadafi.Tarikh,,,,issue added
0355MuhammadKindi.WulatMisr,,,,issue added
0369AbuShaykhIsbahani.TabaqatMuhaddithin,,,,issue added
0379MuhammadRabci.TarikhMawlidCulama,,,,issue added
0385Daruqutni.Nuzul,,,,issue added
0385Daruqutni.Sifat,,,,issue added
0385IbnNadim.Fihrist,,,,issue added
0390Muqaddasi.AhsanTaqasim,,,,issue added
0403IbnFaradi.TarikhCulamaAndalus,,,,issue added
0405HakimNaysaburi.TalkhisTarikhNaysabur,,,,issue added
0412Sulami.TabaqatSufiya,,,,issue added
0427HamzaJurjani.TarikhJurjan,,,,issue added
0429AbuMansurThacalibi.YatimaDahr,,,,issue added
0430AbuNucaymIsbahani.HilyaAwliya,,,,issue added
0430AbuNucaymIsbahani.TarikhIsbahan,,,,issue added
0442Tanukhi.TarikhCulamaNahwiyyin,,,,issue added
0446AbuYaclaKhalili.IrshadFiMacrifaCulama,,,,issue added
0450Najashi.Rijal,,,,issue added
0458Bayhaqi.DalailNubuwwa,,,,issue added
0460ShaykhTusi.IkhtiyarMacrifaRijal,,,,issue added
0460ShaykhTusi.Rijal,,,,issue added
0463IbnCabdBarr.IsticabFiMacrifaAshab,,,,issue added
0463KhatibBaghdadi.TarikhBaghdad,,,,issue added
0466CabdAzizKattani.DhaylTarikhMawlidCulama,,,,issue added
0476AbuIshaqShirazi.TabaqatFuqaha,,,,issue added
0482AbuIshaqHabbal.WafayatMisriyyin,,,,issue added
0507AbuBakrShashi.HilyaCulama,,,,issue added
0524IbnAkfani.DhaylDhaylTarikhMawlidCulama,,,,issue added
0526IbnAbiYacla.TabaqatHanabila,,,,issue added
0544CiyadIbnMusaYahsubi.TartibMadarik,,,,issue added
0555IbnQalanisi.Tarikh,,,,issue added
0561Samcani.Ansab,,,,issue added
0565IbnZaydBayhaqi.TarikhBayhaq,,,,issue added
0571IbnCasakir.TarikhDimashq,,,,issue added
0577IbnAnbari.NuzhaAlibba,,,,issue added
0578IbnBashkuwal.Sila,,,,issue added
0597IbnJawzi.Muntazam,,,,issue added
0630IbnAthirCizzDin.LubabFiTahdhibAnsab,,,,issue added
0658IbnAbbar.TakmilaLiSila,,,,issue added
0681IbnKhallikan.WafayatAcyan,,,,issue added
0733Nuwayri.NihayaArab,,,,issue added
0748Dhahabi.TarikhIslam,,,,issue added
0771Subki.TabaqatShaficiyaKubra,,,,issue added
0774IbnKathir.TabaqatShaficiyyin,,,,issue added
0774IbnKathir.TafsirQuran,,,,issue added
0900AbuCabdAllahHimyari.RawdMictar,,,,issue added
0911Suyuti.LubbLubab,,,,issue added
1089IbnCimad.Shadharat,,,,issue added
1100IbnMuhammadAdnahwi.TabaqatMufassirin,,,,issue added
1206Muradi.SilkDurar,,,,issue added
1339IsmacilBashaBaghdadi.HadiyatCarifin,,,,issue added
1396KhayrDinZirikli.Aclam,,,,issue added
0597IbnJawzi.SifaSafwa,,,,issue added
0626YaqutHamawi.MucjamBuldan,,,,issue added
0626YaqutHamawi.MucjamUdaba,,,,issue added
0630IbnAthirCizzDin.Kamil,,,,issue added
0640AbuHafsDunaysiri.TarikhDunaysir,,,completed,
0642IbnNajjar.DhaylTarikhBaghdad,,,completed,
0643IbnSalahShahrazuri.TabaqatFuqaha,,,completed,
0658IbnAbbar.HullaSiyara,,,completed,
0658IbnAbbar.MucjamAshab,,,completed,
0658IbnAbbar.TuhfaQadim,,,completed,
0660IbnCadim.BughyatTalib,,,completed,
0660IbnCadim.ZubdaHalab,,,completed,
0665AbuShama.Rawdatayn,,,completed,
0680IbnSabuni.TakmilaIkmalIkmal,,,completed,
0685IbnCibri.TarikhMukhtasarDuwal,,,completed,
0711IbnManzurIfriqi.MukhtasarTarikhDimashq,,,completed,
0732IbnYacqubJanadi.SulukFiTabaqat,,,completed,
0742Mizzi.TahdhibKamal,,,completed,
0748Dhahabi.CibarFiKhabar,,,completed,
0748Dhahabi.Culuww,,,completed,
0748Dhahabi.DhaylCibar,,,completed,
0748Dhahabi.DhaylDiwanDucafa,,,completed,
0748Dhahabi.DhikrAsmaManTakallama,,,completed,
0748Dhahabi.DiwanDucafa,,,completed,
0748Dhahabi.Kashif,,,completed,
0748Dhahabi.MacrifaQurraKibar,,,completed,
0748Dhahabi.MizanIctidal,,,completed,
0748Dhahabi.MucinFiTabaqatMuhaddithin,,,completed,
0748Dhahabi.MucjamMuhaddithin,,,completed,
0748Dhahabi.MucjamShuyukh,,,completed,
0748Dhahabi.MughniFiDucafa,,,completed,
0748Dhahabi.MukhtasarCuluww,,,completed,
0748Dhahabi.MukhtasarMinDubaythi,,,completed,
0748Dhahabi.Muqtana,,,completed,
0748Dhahabi.SiyarAclamNubala,,,completed,
0748Dhahabi.TadhkiraHuffaz,,,completed,
0762MughaltayIbnQalij.IkmalTahdhib,,,completed,
0764IbnShakirKutubi.FawatWafayat,,,completed,
0764Safadi.AcyanCasr,,,completed,
0764Safadi.WafiBiWafayat,,,completed,
0768Yafici.MiratJanan,,,completed,
0774IbnRaficSallami.Wafayat,,,completed,
0795IbnRajabHanbali.DhaylTabaqatHanabila,,,completed,
0845Maqrizi.Suluk,,,completed,
0852IbnHajarCasqalani.DurarKamina,,,completed,
0852IbnHajarCasqalani.IsabaFiTamyiz,,,completed,
0852IbnHajarCasqalani.TahdhibTahdhib,,,completed,
0874IbnTaghribirdi.NujumZahira,,,completed,
0879IbnQutlubugha.Thiqat,,,completed,
0911Suyuti.BughyaWucat,,,completed,
0911Suyuti.TabaqatHuffaz,,,completed,
0923IbnCabdAllahKhazraji.KhulasaTahdhib,,,completed,
1061NajmDinGhazzi.KawakibSaira,,,completed,
0151IbnIshaq.Sira,,,probably done,
0207Waqidi.Maghazi,,,probably done,
0213IbnHisham.Tijan,,,probably done,
0234IbnAbiShayba.Musannaf,,,probably done,
0240KhalifaIbnKhayyat.Musnad,,,probably done,
0240KhalifaIbnKhayyat.Tabaqat,,,probably done,
0241IbnHanbal.AhkamNisa,,,probably done,
0241IbnHanbal.CaqidaRiwayatKhallal,,,probably done,
0241IbnHanbal.CilalWaMacrifa,,,probably done,
0241IbnHanbal.FadailSahaba,,,probably done,
0241IbnHanbal.JamicFiCilal,,,probably done,
0241IbnHanbal.MasailRiwayatCabdAllah,,,probably done,
0241IbnHanbal.MasailRiwayatSalih,,,probably done,
0241IbnHanbal.MinSualatIbnMuhammadAthram,,,probably done,
0241IbnHanbal.Musnad,,,probably done,
0241IbnHanbal.RaddCalaZanadiqa,,,probably done,
0245MuhammadIbnHabib.Muhabbar,,,probably done,
0249Azraqi.AkhbarMakka,,,probably done,
0255Jahiz.BayanWaTabyin,,,probably done,
0255Jahiz.Bighal,,,probably done,
0255Jahiz.Bukhala,,,probably done,
0255Jahiz.BursanWaCurjan,,,probably done,
0255Jahiz.Cuthmaniya,,,probably done,
0255Jahiz.MahasinWaAddad,,,probably done,
0255Jahiz.MukhtarFiRaddCalaNasara,,,probably done,
0255Jahiz.Rasail,,,probably done,
0255Jahiz.TabsiraBiTijara,,,probably done,
0255Jahiz.TajFiAkhlaq,,,probably done,
0257IbnCabdHakam.FutuhMisr,,,probably done,
0272Fakihi.AkhbarMakka,,,probably done,
0276IbnQutaybaDinawari.TawilMukhtalafHadith,,,probably done,
0279Baladhuri.AnsabAshraf,,,probably done,
0279Baladhuri.FutuhBuldan,,,probably done,
0280CuthmanIbnSacidDarimi.RaddCalaJahmiyya,,,probably done,
0281AbuZurcaDimashqi.Tarikh,,,probably done,
0281IbnAbiDunya.AmrBiMacruf,,,probably done,
0281IbnAbiDunya.Awliya,,,probably done,
0281IbnAbiDunya.CaqlWaFadluh,,,probably done,
0281IbnAbiDunya.Ciyal,,,probably done,
0281IbnAbiDunya.CumrWaShayb,,,probably done,
0281IbnAbiDunya.Cuqubat,,,probably done,
0281IbnAbiDunya.Cuzla,,,probably done,
0281IbnAbiDunya.DhammBaghy,,,probably done,
0281IbnAbiDunya.DhammMalahi,,,probably done,
0281IbnAbiDunya.DhammMuskir,,,probably done,
0281IbnAbiDunya.FadailRamadan,,,probably done,
0281IbnAbiDunya.FarajBacdaShidda,,,probably done,
0281IbnAbiDunya.HammWaHuzn,,,probably done,
0281IbnAbiDunya.Hawatif,,,probably done,
0281IbnAbiDunya.Ikhwan,,,probably done,
0281IbnAbiDunya.IshrafFiManazil,,,probably done,
0281IbnAbiDunya.IslahMal,,,probably done,
0281IbnAbiDunya.IstinacMacruf,,,probably done,
0281IbnAbiDunya.Juc,,,probably done,
0281IbnAbiDunya.KalamLayali,,,probably done,
0281IbnAbiDunya.MakaidShaytan,,,probably done,
0281IbnAbiDunya.MakarimAkhlaq,,,probably done,
0281IbnAbiDunya.Manamat,,,probably done,
0281IbnAbiDunya.ManCashaBacdaMawt,,,probably done,
0281IbnAbiDunya.MaqtalCali,,,probably done,
0281IbnAbiDunya.MaradWaKaffarat,,,probably done,
0281IbnAbiDunya.MatarWaRacd,,,probably done,
0281IbnAbiDunya.MudaratNas,,,probably done,
0281IbnAbiDunya.MuhasabaNafs,,,probably done,
0281IbnAbiDunya.Mutammanin,,,probably done,
0281IbnAbiDunya.Qubur,,,probably done,
0281IbnAbiDunya.Rida,,,probably done,
0281IbnAbiDunya.SamtWaAdab,,,probably done,
0281IbnAbiDunya.Tawba,,,probably done,
0281IbnAbiDunya.WajalWaTawaththuq,,,probably done,
0286Mubarrad.NasabCadnan,,,probably done,
0319IbnMundhirNaysaburi.TafsirQuran,,,probably done,
0354IbnHibbanBusti.Sira,,,probably done,
0427IbnMuhammadThacalibi.KashfWaBayan,,,probably done,
0428IbnSina.IsharatWaTanbihat,,,probably done,
0429AbuMansurThacalibi.ManGhabaCanhuMutrib,,,probably done,
0429AbuMansurThacalibi.Muntahal,,,probably done,
0429AbuMansurThacalibi.SihrBalagha,,,probably done,
0510IbnMascudBaghawi.Tafsir,,,probably done,
0630IbnAthirCizzDin.UsdGhaba,,,probably done,
0634AbuRabicHimyari.Iktifa,,,probably done,
0637IbnMustafwi.TarikhIrbil,,,probably done,
0734IbnSayyidNas.CuyunAthar,,,probably done,
0110HasanBasri.FadailMakka,,inProgress,,
0195MuarrijSadusi.HadhfMinNasabQuraysh,,inProgress,,
0230IbnSacd.TabaqatKubra,,inProgress,,
0256Bukhari.TarikhKabir,,inProgress,,
0282AbuHanifaDinawari.AkhbarTiwal,,inProgress,,
0306IbnHayyanDabbi.AkhbarQudat,,inProgress,,
0310Tabari.Tarikh,,inProgress,,
0365IbnFaqihHamadhani.Buldan,,inProgress,,
0400IbnTahirMaqdisi.BadWaTarikh,,inProgress,,
0421Miskawayh.Tajarib,,inProgress,,
0646IbnQifti.IkhbarCulama,,inProgress,,
0726Yunini.DhaylMiratZaman,,inProgress,,
0732AbuFida.MukhtasarFiAkhbar,,inProgress,,
0774IbnKathir.Bidaya,,inProgress,,
0808IbnKhaldun.Tarikh,,inProgress,,
0851IbnQadiShuhba.TabaqatShaficiya,,inProgress,,
0855BadrDinCayni.CumdatQari,,inProgress,,
0902Sakhawi.DawLamic,,inProgress,,
0927Nucaymi.DarisFiMadaris,,inProgress,,
1371MuhsinCamili.AcyanShica,,inProgress,,
0200IbnCumarDabbi.Fitna,priority,,,
0204IbnKalbi.AnsabKhayl,priority,,,
0204IbnKalbi.JamharatAnsab,priority,,,
0204IbnKalbi.NasabMacad,priority,,,
0207Waqidi.FutuhSham,priority,,,
0207Waqidi.Ridda,priority,,,
0209MacmarIbnMuthanna.Dibaj,priority,,,
0209MacmarIbnMuthanna.Khayl,priority,,,
0213IbnHisham.SiraNabawiyya,priority,,,
0214IbnCabdHakamMisri.SiratCumarIbnCabdCaziz,priority,,,
0216IbnQuraybAsmaci.FuhulaShucara,priority,,,
0231IbnSallamJumahi.TabaqatFuhulShucara,priority,,,
0233YahyaIbnMacin.MacrifatRijal,priority,,,
0233YahyaIbnMacin.MinKalamFiRijal,priority,,,
0233YahyaIbnMacin.TarikhIbnMacin,priority,,,
0234AbuHasanSacdi.TasmiyatManRuwiya,priority,,,
0240KhalifaIbnKhayyat.Tarikh,priority,,,
0241IbnHanbal.AsamiWaKuna,priority,,,
0241IbnHanbal.UsulSunna,priority,,,
0245MuhammadIbnHabib.MukhtalafQabail,priority,,,
0256Bukhari.Ducafa,priority,,,
0256Bukhari.DucafaSaghir,priority,,,
0256Bukhari.TarikhSaghir,priority,,,
0256ZubayrIbnBakkar.AkhbarMuwaffaqiyat,priority,,,
0256ZubayrIbnBakkar.JamharatNasabQuraysh,priority,,,
0256ZubayrIbnBakkar.Muntakhab,priority,,,
0259IbnYacqubJuzjani.AhwalRijal,priority,,,
0261AbuHasanCijli.MacrifatThiqat,priority,,,
0261Muslim.KunaWaAsma,priority,,,
0261Muslim.Munfaridat,priority,,,
0262AbuZaydNumayri.TarikhMadina,priority,,,
0277IbnSufyanFasawi.MacrifaWaTarikh,priority,,,
0277IbnSufyanFasawi.Mashyakha,priority,,,
0279IbnAbiKhaythama.TarikhKabir,priority,,,
0279Tirmidhi.CilalSaghir,priority,,,
0281IbnAbiDunya.Ahwal,priority,,,
0281IbnAbiDunya.Hilm,priority,,,
0281IbnAbiDunya.HilmMucawiya,priority,,,
0281IbnAbiDunya.HusnZannBiLlah,priority,,,
0281IbnAbiDunya.IctibarWaAcqab,priority,,,
0281IbnAbiDunya.IkhlasWaNiyya,priority,,,
0281IbnAbiDunya.Muhtadirin,priority,,,
0281IbnAbiDunya.MujabuDacwa,priority,,,
0281IbnAbiDunya.QadaHawaij,priority,,,
0281IbnAbiDunya.QasrAmal,priority,,,
0281IbnAbiDunya.Qinaca,priority,,,
0281IbnAbiDunya.QiraDayf,priority,,,
0281IbnAbiDunya.RasailFiTawakkul,priority,,,
0281IbnAbiDunya.RiqqaWaBuka,priority,,,
0281IbnAbiDunya.Sabr,priority,,,
0281IbnAbiDunya.Shukr,priority,,,
0281IbnAbiDunya.ShukrLiLlah,priority,,,
0281IbnAbiDunya.SifaJanna,priority,,,
0281IbnAbiDunya.SifaNar,priority,,,
0281IbnAbiDunya.Tahajjud,priority,,,
0281IbnAbiDunya.TawaducWaKhumul,priority,,,
0281IbnAbiDunya.Warac,priority,,,
0281IbnAbiDunya.Yaqin,priority,,,
0281IbnAbiDunya.Zuhd,priority,,,
0283IbnRumi.Diwan,priority,,,
0285IbnYazidMubarrad.Fadil,priority,,,
0285IbnYazidMubarrad.KamilFiLugha,priority,,,
0285IbnYazidMubarrad.Muqtadab,priority,,,
0285IbnYazidMubarrad.Tacazi,priority,,,
0287Dahhak.AhadWaMathani,priority,,,
0290IbnAhmadIbnHanbal.FadailCuthman,priority,,,
0290IbnAhmadIbnHanbal.Sunna,priority,,,
0292Bahshal.TarikhWasit,priority,,,
0292Yacqubi.Buldan,priority,,,
0296IbnMuctazz.Badic,priority,,,
0296IbnMuctazz.Diwan,priority,,,
0296IbnMuctazz.TabaqatShucara,priority,,,
0296MuhammadIbnJarrah.Waraqa,priority,,,
0300IbnKhurdadhbih.MukhtarMinKitabLahw,priority,,,
0300MuallifMajhul.AkhbarDawlaCabbasiya,priority,,,
0301AbuBakrFaryabi.DalailNubuwwa,priority,,,
0301Bardiji.TabaqatAsma,priority,,,
0303Nasai.DhikrMudallisin,priority,,,
0303Nasai.DucafaWaMatrukin,priority,,,
0303Nasai.FadailSahaba,priority,,,
0303Nasai.Tabaqat,priority,,,
0303Nasai.TasmiyaFuqaha,priority,,,
0303Nasai.TasmiyaManLamYarwi,priority,,,
0303Nasai.TasmiyaShuyukh,priority,,,
0309IbnFadlan.Rihla,priority,,,
0309IbnMarzuban.DhammThuqala,priority,,,
0309IbnMarzuban.FadlKilab,priority,,,
0309IbnMarzuban.Murua,priority,,,
0310IbnAhmadDulabi.Dhariyya,priority,,,
0310IbnAhmadDulabi.KunaWaAsma,priority,,,
0310Tabari.MuntakhabMinDhayl,priority,,,
0310Tabari.TabsirFiMacalimDin,priority,,,
0310Tabari.TahdhibAthar,priority,,,
0313IbnZakariyaRazi.HawiFiTibb,priority,,,
0313IbnZakariyaRazi.RasailFalsafiyya,priority,,,
0314IbnActhamKufi.Futuh,priority,,,
0315IbnFaydGhassani.AkhbarWaHikayat,priority,,,
0317AbuQasimBaghawi.MucjamSahaba,priority,,,
0317AbuQasimBaghawi.TarikhWafatShuyukh,priority,,,
0318AbuCurubaHarrani.MuntaqaMinTabaqat,priority,,,
0320CaribQurtubi.SilaTarikhTabari,priority,,,
0322AbuJacfarCuqayli.DucafaKabir,priority,,,
0322IbnTabataba.CiyarShicr,priority,,,
0325IbnCabdAllahWarraq.CilalNahw,priority,,,
0325IbnCabdSamadBaghdadi.Amali,priority,,,
0325IbnIshaqWashsha.Muwashsha,priority,,,
0325IbnSahlRazi.AkhbarFakhkh,priority,,,
0327IbnAbiHatimRazi.JarhWaTacdil,priority,,,
0328IbnCabdRabbihi.Diwan,priority,,,
0328IbnCabdRabbihi.TabaicNisa,priority,,,
0329IbnYacqubKulayni.Kafi,priority,,,
0330BahithIbnMarzuban.Alfaz,priority,,,
0330Sirafi.Rihla,priority,,,
0333AbuCarabTamimi.Mihan,priority,,,
0333AbuCarabTamimi.TabaqatCulama,priority,,,
0333IbnMarwanDinawari.MujalasaWaJawahirCilm,priority,,,
0333IbnMuhammadMadini.Juz,priority,,,
0334IbnSacidQushayri.TarikhRaqqa,priority,,,
0335Suli.AdabKuttab,priority,,,
0335Suli.AkhbarAbiTamam,priority,,,
0335Suli.AshcarAwladKhulafa,priority,,,
0339AbuNasrFarabi.AlfazMustacmilaFiMantiq,priority,,,
0339AbuNasrFarabi.FiMantiq,priority,,,
0339AbuNasrFarabi.Huruf,priority,,,
0339AbuNasrFarabi.Siyasa,priority,,,
0346Istakhri.MasalikWaMamalik,priority,,,
0346Mascudi.MurujDhahab,priority,,,
0349IbnCumarMuqri.AkhbarNahwiyyin,priority,,,
0351IbnQanic.MucjamSahaba,priority,,,
0354IbnHibbanBusti.Majruhin,priority,,,
0354IbnHibbanBusti.MashahirCulamaAmsar,priority,,,
0354IbnHibbanBusti.RawdatCuqala,priority,,,
0354IbnHibbanBusti.Thiqat,priority,,,
0354Mutanabbi.Diwan,priority,,,
0355AbuFarajIsbahani.Aghani,priority,,,
0355AbuFarajIsbahani.Diyarat,priority,,,
0355AbuFarajIsbahani.ImaShawacir,priority,,,
0355AbuFarajIsbahani.MaqatilTalibiyyin,priority,,,
0355MuhammadKindi.FadailMisr,priority,,,
0360Khawlani.TarikhDaraya,priority,,,
0360Tabarani.MucjamKabir,priority,,,
0362IbnHaniAndalusi.Diwan,priority,,,
0363QadiNucman.SharhAkhbar,priority,,,
0365IbnCadiJurjani.AsamiManRawaCanhum,priority,,,
0365IbnCadiJurjani.KamilFiDucafa,priority,,,
0367IbnHawqal.SuraArd,priority,,,
0368AbuGhalibZurari.Risala,priority,,,
0368Sirafi.AkhbarNahwiyyin,priority,,,
0369AbuShaykhIsbahani.Tawbikh,priority,,,
0370IbnBishrAmidi.MutalifWaMukhtalif,priority,,,
0374IbnHusaynAzdi.AsmaManYucrafBiKunya,priority,,,
0374IbnHusaynAzdi.KunaLiManLaYucrafLahuIsm,priority,,,
0374IbnHusaynAzdi.Makhzun,priority,,,
0374IbnHusaynAzdi.ManWafaqaIsmuhuIsmAbihi,priority,,,
0380Muhallabi.MasalikWaMamalik,priority,,,
0381IbnBabawayh.Amali,priority,,,
0381IbnBabawayh.CilalSharaic,priority,,,
0381IbnBabawayh.CuyunAkhbarRida,priority,,,
0381IbnBabawayh.FadailAshhurThalatha,priority,,,
0381IbnBabawayh.FadailShica,priority,,,
0381IbnBabawayh.Hidaya,priority,,,
0381IbnBabawayh.Ictiqadat,priority,,,
0381IbnBabawayh.KamalDin,priority,,,
0381IbnBabawayh.Khisal,priority,,,
0381IbnBabawayh.MacaniAkhbar,priority,,,
0381IbnBabawayh.ManLaYahduruhuFaqih,priority,,,
0381IbnBabawayh.Muqnic,priority,,,
0381IbnBabawayh.SifatShica,priority,,,
0381IbnBabawayh.Tawhid,priority,,,
0381IbnBabawayh.ThawabAcmal,priority,,,
0382IbnCabdAllahCaskari.AkhbarMusahhifin,priority,,,
0382IbnCabdAllahCaskari.JamharatAmthal,priority,,,
0382IbnCabdAllahCaskari.MasunFiAdab,priority,,,
0382IbnCabdAllahCaskari.TashifatMuhaddithin,priority,,,
0383IbnCabbasKhwarizmi.Amthal,priority,,,
0383IbnCabbasKhwarizmi.MufidCulum,priority,,,
0384AbuHasanRummani.MacaniHuruf,priority,,,
0384AbuHasanRummani.ManazilHuruf,priority,,,
0384AbuHasanRummani.RisalatHudud,priority,,,
0384IbnCaliTanukhi.FarajBacdaShidda,priority,,,
0384IbnCaliTanukhi.Mustajad,priority,,,
0384IbnCaliTanukhi.NishwarMuhadara,priority,,,
0384IbnCimranMarzubani.AkhbarSayyidHumaydi,priority,,,
0384IbnCimranMarzubani.AshcarNisa,priority,,,
0384IbnCimranMarzubani.MucjamShucara,priority,,,
0384IbnCimranMarzubani.MukhtasarAkhbarShucaraShica,priority,,,
0384IbnCimranMarzubani.Muwashshah,priority,,,
0385Daruqutni.Afrad,priority,,,
0385Daruqutni.AhadithAllatiKhulifaFihaMalikIbnAnas,priority,,,
0385Daruqutni.AhadithMuwatta,priority,,,
0385Daruqutni.ArbacunaMinMusnadBurayd,priority,,,
0385Daruqutni.CilalWarida,priority,,,
0385Daruqutni.DhikrAsmaTabicin,priority,,,
0385Daruqutni.Ducafa,priority,,,
0385Daruqutni.FadailSahaba,priority,,,
0385Daruqutni.FawaidAfrad,priority,,,
0385Daruqutni.FawaidMuntaqat,priority,,,
0385Daruqutni.IlzamatWaTatabbuc,priority,,,
0385Daruqutni.MawsucatAqwal,priority,,,
0385Daruqutni.MinHadithDhuhali,priority,,,
0385Daruqutni.MutalifWaMukhtalif,priority,,,
0385Daruqutni.RuyatAllah,priority,,,
0385Daruqutni.SualatBarqani,priority,,,
0385Daruqutni.SualatHamza,priority,,,
0385Daruqutni.SualatNaysaburi,priority,,,
0385Daruqutni.Sunan,priority,,,
0385Daruqutni.TacliqatCalaMajruhin,priority,,,
0385IbnShahin.TarikhAsmaDucafa,priority,,,
0385IbnShahin.TarikhAsmaThiqat,priority,,,
0386IbnCumarHarbi.Mashyakha,priority,,,
0388Shabushti.Diyarat,priority,,,
0392IbnJinniMawsili.MubhijFiTafsirAsmaShucara,priority,,,
0395IbnMandahMuhammad.Asami,priority,,,
0395IbnMandahMuhammad.FathBab,priority,,,
0395IbnMandahMuhammad.MacrifaSahaba,priority,,,
0398AbuNasrKalabadhi.HidayaWaIrshad,priority,,,
0400MuallifMajhul.HududCalam,priority,,,
0405AbuFadlHarawi.MucjamFiMushtabah,priority,,,
0405HakimNaysaburi.TasmiyaManAkhrajahum,priority,,,
0418WazirMaghribi.Inas,priority,,,
0421IbnMuhammadMarzuqi.AmaliMarzuqi,priority,,,
0421IbnMuhammadMarzuqi.AzminaWaAmkina,priority,,,
0421IbnMuhammadMarzuqi.SharhDiwanHamasa,priority,,,
0421Miskawayh.HawamilWaShawamil,priority,,,
0421Miskawayh.TahdhibAkhlaq,priority,,,
0426IbnAhmadIbnShadhan.MashyakhaSughra,priority,,,
0428IbnManjuwayhIsbahani.RijalSahihMuslim,priority,,,
0428IbnSina.Mantiq,priority,,,
0428IbnSina.QanunFiTibb,priority,,,
0428IbnSina.Siyasa,priority,,,
0429AbuMansurThacalibi.Diwan,priority,,,
0429AbuMansurThacalibi.FiqhLugha,priority,,,
0429AbuMansurThacalibi.LataifWaZaraif,priority,,,
0429AbuMansurThacalibi.LubabAdab,priority,,,
0429AbuMansurThacalibi.Lutf,priority,,,
0429AbuMansurThacalibi.Rasail,priority,,,
0429AbuMansurThacalibi.TahsinQabih,priority,,,
0430AbuNucaymIsbahani.DhikrManIsmuhuShucba,priority,,,
0430AbuNucaymIsbahani.Ducafa,priority,,,
0430AbuNucaymIsbahani.MacrifaSahaba,priority,,,
0430AbuNucaymIsbahani.TasmiyaMaIntahaIlayna,priority,,,
0430AbuNucaymIsbahani.TasmiyyaMaIntahaIlaynaMinRuwat,priority,,,
0436HusaynSaymari.AkhbarAbiHanifa,priority,,,
0437IbnHammushQayruwani.Hidaya,priority,,,
0448HilalSabi.TuhfaUmara,priority,,,
0456IbnHazm.AsmaKhulafa,priority,,,
0456IbnHazm.FadailAndalus,priority,,,
0456IbnHazm.JamharaAnsab,priority,,,
0456IbnHazm.MuhallaBiAthar,priority,,,
0456IbnHazm.NaqtCarus,priority,,,
0456IbnHazm.Rasail,priority,,,
0456IbnHazm.RisalaFiMaratibCulum,priority,,,
0456IbnHazm.RisalaFiUmmahatKhulafa,priority,,,
0457IbnAhmadSayrafi.Mashyakha,priority,,,
0458Bayhaqi.Adab,priority,,,
0458Bayhaqi.AhkamQuranLiShafici,priority,,,
0458Bayhaqi.ArbacunaSughra,priority,,,
0458Bayhaqi.AsmaWaSifat,priority,,,
0458Bayhaqi.BacthWaNushur,priority,,,
0458Bayhaqi.BayanKhata,priority,,,
0458Bayhaqi.DacawatKabir,priority,,,
0458Bayhaqi.FadailAwqat,priority,,,
0458Bayhaqi.HadithJuwaybari,priority,,,
0458Bayhaqi.Ictiqad,priority,,,
0458Bayhaqi.IthbatCidhabQabr,priority,,,
0458Bayhaqi.JamicFiKhatim,priority,,,
0458Bayhaqi.MacrifatSunanWaAthar,priority,,,
0458Bayhaqi.MadkhalIlaSunanKubra,priority,,,
0458Bayhaqi.QadaWaQadar,priority,,,
0458Bayhaqi.QiraatKhalfaImam,priority,,,
0458Bayhaqi.RisalaIlaJuwayni,priority,,,
0458Bayhaqi.ShucabIman,priority,,,
0458Bayhaqi.SunanKubra,priority,,,
0458Bayhaqi.SunanSaghir,priority,,,
0458Bayhaqi.ZuhdKabir,priority,,,
0460ShaykhTusi.Fihrist,priority,,,
0463IbnCabdBarr.Durar,priority,,,
0463IbnCabdBarr.IntiqaFiFadail,priority,,,
0463KhatibBaghdadi.GhunyaMultamis,priority,,,
0463KhatibBaghdadi.MuttafiqWaMuftariq,priority,,,
0469IbnHayyanQurtubi.Muqtabas,priority,,,
0474IbnKhalafBaji.TacdilWaTakhrij,priority,,,
0475IbnMakula.IkmalFiRafcIrtiyab,priority,,,
0475IbnMakula.TahdhibMustamirr,priority,,,
0487AbuCubaydBakri.MasalikWaMamalik,priority,,,
0488IbnFutuhHumaydi.JadhwaMuqtabis,priority,,,
0498AbuCaliJayyani.AlqabSahaba,priority,,,
0498AbuCaliJayyani.TaqyidMuhmal,priority,,,
0500IbnHusaynGhadairiWasiti.Rijal,priority,,,
0507IbnQaysarani.AnsabMuttafiqa,priority,,,
0508FattalNaysaburi.RawdaWacizin,priority,,,
0511IbnMandahYahya.MacrifaAsamiArdaf,priority,,,
0515IbnQattac.DurraKhatira,priority,,,
0516IbnCabdWahidDaqqaqIsbahani.MucjamMashaikh,priority,,,
0520IbnRushdJadd.BayanWaTahsil,priority,,,
0520IbnRushdJadd.Maqamat,priority,,,
0521IbnMuhammadBatlayusi.MushkilatMuwatta,priority,,,
0521MuhammadHamadhani.TakmilaTarikhTabari,priority,,,
0535QadiMaristan.Mashyakha,priority,,,
0535QawwamSunna.DalailNubuwwa,priority,,,
0535QawwamSunna.SiyarSalaf,priority,,,
0538JarAllahZamakhshari.JibalWaAmkinaWaMiyah,priority,,,
0541IbnCatiyaAndalusi.Fahrasa,priority,,,
0542IbnBassamShantarini.Dhakhira,priority,,,
0544CiyadIbnMusaYahsubi.Ghunya,priority,,,
0550AbuHajjajAshcari.TacrifBiAnsab,priority,,,
0550IbnIbrahimAzdiSalmasi.ManazilAimma,priority,,,
0561Samcani.Muntakhab,priority,,,
0561Samcani.Tahbir,priority,,,
0565IbnMuhammadAbuBakrBaghdadi.Mashyakha,priority,,,
0565IbnZaydBayhaqi.LubabAnsab,priority,,,
0565IbnZaydBayhaqi.TatimmaSiwanHikma,priority,,,
0569CumaraHakami.NukatCasriyya,priority,,,
0571IbnCasakir.MucjamShuyukh,priority,,,
0575IbnBabawayh.Fihrist,priority,,,
0575IbnKhayrIshbili.Fahrasa,priority,,,
0576IbnMuhammadSilafi.Mashyakha,priority,,,
0576IbnMuhammadSilafi.MucjamSafar,priority,,,
0576IbnMuhammadSilafi.Wajiz,priority,,,
0578IbnBashkuwal.GhawamidAsma,priority,,,
0580IbnCaliIbnAbiYacla.TajridAsmaWaKuna,priority,,,
0580IbnCimrani.InbaFiTarikhKhulafa,priority,,,
0584IbnMunqidhShayzari.ManazilWaDiyar,priority,,,
0584IbnMusaHazimi.Amakin,priority,,,
0584IbnMusaHazimi.CujalaMubtadi,priority,,,
0597CimadDinKatib.BarqShami,priority,,,
0597CimadDinKatib.KharidaQasr,priority,,,
0597IbnJawzi.DucafaWaMatrukin,priority,,,
0597IbnJawzi.Mashyakha,priority,,,
0597IbnJawzi.MuthirGharam,priority,,,
0597IbnJawzi.TalqihFuhum,priority,,,
0597IbnJawzi.TarikhBaytMuqaddas,priority,,,
0599IbnYahyaDabbi.BughyatMultamis,priority,,,
0600IbnJacfarMashhadi.FadlKufa,priority,,,
0606IbnMamati.LataifDhakhira,priority,,,
0611CaliHarawi.Isharat,priority,,,
0611SharafDinMuqaddasi.Arbacin,priority,,,
0614IbnJubayr.Rihla,priority,,,
0615MuwaffaqDinShafici.MurshidZuwwar,priority,,,
0617MansurIbnShahanshah.MidmarHaqaiq,priority,,,
0623Qazwini.Tadwin,priority,,,
0626IbnAbiGhanaimShamsDinIbnSasra.Mashyakha,priority,,,
0626YaqutHamawi.Khazal,priority,,,
0629IbnNuqta.TakmilaIkmal,priority,,,
0629IbnNuqta.TaqyidLiMacrifa,priority,,,
0632AbuHafsSuhrawardi.Mashyakha,priority,,,
0639AbuBakrMalaqi.MatlacAnwar,priority,,,
0641Sarifini.Muntakhab,priority,,,
0642IbnNajjar.DurraThamina,priority,,,
0643DiyaDinMuqaddasi.FadailBaytMaqdis,priority,,,
0643DiyaDinMuqaddasi.JuzAwham,priority,,,
0645TilimsaniBurri.Jawhara,priority,,,
0646IbnQifti.InbahRuwat,priority,,,
0646IbnQifti.Muhammadun,priority,,,
0647CabdWahidMarrakushi.Mucjib,priority,,,
0650IbnNazifHamawi.TarikhMansuri,priority,,,
0655CabdMuncimTaqiDinShafici.Fawaid,priority,,,
0659SainDinNaccal.Mashyakha,priority,,,
0668IbnAbiUsaybica.CuyunAnba,priority,,,
0673AbuMahasinYaghmuri.NurQabas,priority,,,
0676Nawawi.TahdhibAsma,priority,,,
0682ZakariyaQazwini.AtharBilad,priority,,,
0684IbnShaddad.AclaqKhatira,priority,,,
0685IbnSacidMaghribi.GhusunYanica,priority,,,
0685IbnSacidMaghribi.Jughrafiya,priority,,,
0685IbnSacidMaghribi.Mughrib,priority,,,
0685IbnSacidMaghribi.NashwatTarab,priority,,,
0690IbnMujawirDimashqi.TarikhMustabsir,priority,,,
0693IbnAbiFathIrbili.KashfGhumma,priority,,,
0694MuhibbDinTabari.Dhakhair,priority,,,
0694MuhibbDinTabari.RiyadNadira,priority,,,
0696DiyaDinTurkumani.Mashyakha,priority,,,
0696IbnZahiri.Mashyakha,priority,,,
0701SharafDinYunini.Mashyakha,priority,,,
0703MuhammadMarrakushi.DhaylWaTakmila,priority,,,
0705SharafDinDimyatti.MucjamShuyukh,priority,,,
0709CaliCalawi.Majdi,priority,,,
0709IbnTiqtaqa.FakhriFiAdab,priority,,,
0711IbnManzurIfriqi.LisanCarab,priority,,,
0714AhmadGhibrini.CunwanDiraya,priority,,,
0723IbnFuwati.Hawadith,priority,,,
0724IbnCattar.TuhfaTalibin,priority,,,
0725KhazinBaghdadi.LubabTawil,priority,,,
0726CallamaHilli.KhulasatAqwal,priority,,,
0726CallamaHilli.TadhkiratFuqaha,priority,,,
0730MuhammadTujibi.Barnamaj,priority,,,
0733IbnJamacaBadrDinHamawi.Mashyakha,priority,,,
0739IbnMuhammadBirzaliIshbili.Mashyakha,priority,,,
0740IbnDawudHilli.Rijal,priority,,,
0741KhatibTabrizi.Ikmal,priority,,,
0744MuhammadIbnQudamaMaqdisi.CuqudDurriyya,priority,,,
0747MuhyiDinYunini.Mashyakha,priority,,,
0748Dhahabi.ManaqibAbiHanifa,priority,,,
0748Dhahabi.RuwatThiqat,priority,,,
0748IbnDimyati.Mustafad,priority,,,
0749IbnWardi.Tarikh,priority,,,
0749ShihabDinCumari.MasalikAbsar,priority,,,
0749Wadiashi.Barnamaj,priority,,,
0750AbuHafsQazwini.Mashyakha,priority,,,
0761IbnKaykaldi.JamicTahsil,priority,,,
0761IbnKaykaldi.Mukhtalitin,priority,,,
0764Safadi.NaktHimyan,priority,,,
0765AbuMahasinHusayni.DhaylTadhkira,priority,,,
0765AbuMahasinHusayni.IkmalLiRijal,priority,,,
0766IbnIbrahimIbnImamSakhra.Mashyakha,priority,,,
0767Balawi.TajMafriq,priority,,,
0771Subki.MucjamShuyukh,priority,,,
0774IbnKathir.TafsirQuran,priority,,,
0774IbnKathir.Takmil,priority,,,
0774IbnRaficSallami.MashyakhatBayani,priority,,,
0775IbnAbiWafa.JawahirMudiya,priority,,,
0776LisanDinIbnKhatib.Ihata,priority,,,
0776LisanDinIbnKhatib.KatibaKamina,priority,,,
0776LisanDinIbnKhatib.KhatraTayf,priority,,,
0776LisanDinIbnKhatib.MicyarIkhtiyar,priority,,,
0779IbnBattuta.Rihla,priority,,,
0782IbnSallar.TabaqatQurra,priority,,,
0793AbuHasanMalaqi.TarikhQudat,priority,,,
0799IbnFarhun.DibajMudhahhab,priority,,,
0804IbnMulaqqin.TabaqatAwliya,priority,,,
0806IbnHusaynZaynDinCiraqi.DhaylMizan,priority,,,
0807IbnAhmarKhazraji.NafhaNisriniyya,priority,,,
0808IbnKhaldun.Rihla,priority,,,
0809IbnQunfudh.Wafayat,priority,,,
0812CaliKhazraji.CuqudLuluiyya,priority,,,
0816AbuBakrMaraghi.Mashyakha,priority,,,
0817MajdDinFiruzabadi.BulghaFiTarajim,priority,,,
0821Qalqashandi.NihayaArab,priority,,,
0821Qalqashandi.QalaidJuman,priority,,,
0825IbnQasimSabti.IkhtisarAkhbar,priority,,,
0826IbnCiraqi.TuhfaTahsil,priority,,,
0828IbnCinaba.CumdatTalib,priority,,,
0832AbuTayyibFasi.DhaylTaqyid,priority,,,
0832AbuTayyibFasi.ShifaGharam,priority,,,
0833IbnJazari.GhayaNihaya,priority,,,
0833IbnJazari.ZahrFaih,priority,,,
0841BurhanDinSibtIbnCajami.Ightibat,priority,,,
0841BurhanDinSibtIbnCajami.KashfHathith,priority,,,
0841BurhanDinSibtIbnCajami.TabyinLiAsma,priority,,,
0842IbnNasirDinDimashqi.RaddWafir,priority,,,
0842IbnNasirDinDimashqi.TawdihMushtabih,priority,,,
0845Maqrizi.IqazHunafa,priority,,,
0845Maqrizi.Mawaciz,priority,,,
0845Maqrizi.MukhtasarKamil,priority,,,
0852IbnHajarCasqalani.FathBari,priority,,,
0852IbnHajarCasqalani.InbaGhumr,priority,,,
0852IbnHajarCasqalani.ItharBiMacrifa,priority,,,
0852IbnHajarCasqalani.LisanMizan,priority,,,
0852IbnHajarCasqalani.MucjamMufahras,priority,,,
0852IbnHajarCasqalani.NuzhaAlbab,priority,,,
0852IbnHajarCasqalani.RafcCisr,priority,,,
0852IbnHajarCasqalani.TabaqatMudallisin,priority,,,
0852IbnHajarCasqalani.TabsirMuntabih,priority,,,
0852IbnHajarCasqalani.TacjilManfaca,priority,,,
0852IbnHajarCasqalani.TaqribTahdhib,priority,,,
0854IbnDiyaMakki.TarikhMakka,priority,,,
0855BadrDinCayni.CiqdJuman,priority,,,
0855BadrDinCayni.MaghaniAkhyar,priority,,,
0871IbnFahdMakki.LahzAlhaz,priority,,,
0874IbnTaghribirdi.HawadithDahriya,priority,,,
0874IbnTaghribirdi.ManhalSafi,priority,,,
0874IbnTaghribirdi.MawridLatafa,priority,,,
0879IbnQutlubugha.TajTarajim,priority,,,
0884AbuDharrSibtIbnCajami.KunuzDhahab,priority,,,
0884IbnMuflih.MaqsidArshad,priority,,,
0893IbnAbiBakrHadari.BahjatMahafil,priority,,,
0902Sakhawi.Buldaniyyat,priority,,,
0902Sakhawi.ManhalCadhb,priority,,,
0902Sakhawi.TuhfaLatifa,priority,,,
0904Burayhi.TabaqatSulahaYaman,priority,,,
0905Basrawi.Tarikh,priority,,,
0909IbnMibradHanbali.MucjamKutub,priority,,,
0911Samhudi.KhulasaWafaWafa,priority,,,
0911Samhudi.WafaWafa,priority,,,
0911Suyuti.AsmaMudallisin,priority,,,
0911Suyuti.AsmaMukhadramin,priority,,,
0911Suyuti.DhaylTabaqatHuffaz,priority,,,
0911Suyuti.DurrManthur,priority,,,
0911Suyuti.GhurarFiFadailCumar,priority,,,
0911Suyuti.HusnMuhadara,priority,,,
0911Suyuti.IscafMubatta,priority,,,
0911Suyuti.NazmCiqyan,priority,,,
0911Suyuti.RihNisrin,priority,,,
0911Suyuti.TabaqatMufassirin,priority,,,
0911Suyuti.TarikhKhulafa,priority,,,
0922IbnShaykhTarabulusi.IscafAwqaf,priority,,,
0927Culaymi.UnsJalil,priority,,,
0929IbnKayyal.KawakibNayyirat,priority,,,
0938IbnCaliBalawi.Thabat,priority,,,
0945ShamsDinDawudi.TabaqatMufassirin,priority,,,
0953IbnTulun.MufakahaKhillan,priority,,,
0968Tashkubruizadah.ShaqaiqNucmaniyya,priority,,,
0973CabdWahhabShacrani.LawaqihAnwar,priority,,,
1010TamimiDari.TabaqatSaniya,priority,,,
1011SahibMacalim.TahrirTawusi,priority,,,
1016MuhibbDinHamawi.HadiAzcan,priority,,,
1037CabdQadirCaydarus.TarikhNurSafir,priority,,,
1041BurhanDinMaliki.BahjaMahafil,priority,,,
1041Maqarri.AzharRiyad,priority,,,
1041Maqarri.NafhTib,priority,,,
1051Cimadi.RawdaRayya,priority,,,
1067HajjiKhalifa.KashfZunun,priority,,,
1069ShihabDinKhafaji.RayhanaAlibba,priority,,,
1070MuhammadKibrit.RihlaShita,priority,,,
1078RiyadZadah.AsmaKutub,priority,,,
1086IbnCajamiMisri.DhaylLubbLubab,priority,,,
1100MustafaTafrishi.NaqdRijal,priority,,,
1101MuhammadCaliArdabili.JamicRuwat,priority,,,
1111Majlisi.BiharAnwar,priority,,,
1111MuhammadAminMuhibbi.KhulasaAthr,priority,,,
1119IbnMacsum.SulafaCasr,priority,,,
1120CaliKhanMadani.DarajatRafica,priority,,,
1122MuhammadZarqani.SharhCalaMawahib,priority,,,
1126MuhammadHanbali.Mashyakha,priority,,,
1147CabdAllahSancani.TarikhYaman,priority,,,
1153IbnKannan.YawmiyyatShamiyya,priority,,,
1158IbnCaliFaruqiTahanawi.KashshafIstalahat,priority,,,
1173IbnCaliMusawiTustari.TadhyilSulafatCasr,priority,,,
1175AhmadBudayri.HawadithDimashq,priority,,,
1175MuhammadKarabisi.IklilManhaj,priority,,,
1212BahrCulum.FawaidRijaliya,priority,,,
1212WahidBahbahani.FawaidRijaliya,priority,,,
1218SalihFulani.QatfThamar,priority,,,
1232IbnKhatibCumari.RawdaFayha,priority,,,
1237Jabarti.CajaibAthar,priority,,,
1250IbnCaliShawkani.BadrTalic,priority,,,
1269CabdMalikCasimi.SamtNujum,priority,,,
1286IcjazHusaynKunturi.KashfHajb,priority,,,
1293MahdiKujuriShirazi.FawaidRijaliyya,priority,,,
1306MullaCaliKanni.TawdihMaqal,priority,,,
1307Qannawji.AbjadCulum,priority,,,
1307Qannawji.HittaFiDhikr,priority,,,
1307Qannawji.LuqtaCajlan,priority,,,
1313Barujirdi.Taraif,priority,,,
1313VanDyck.IktifaQunuc,priority,,,
1315AbuMacaliKalbasi.RasailRijaliyya,priority,,,
1315Salawi.IstiqsaLiAhkbar,priority,,,
1318MuhammadSanusi.Musamarat,priority,,,
1330IbnMusaTabrizi.MiratKutub,priority,,,
1331IbnAminShinqiti.WasitFiTarajim,priority,,,
1332HassunBuraqi.TarikhKufa,priority,,,
1332ZaynabFawwaz.DurrManthur,priority,,,
1334NajmDinTabasi.RijalKhaqani,priority,,,
1335CabdRazzaqBaytar.HilyaBashar,priority,,,
1338MuhammadFaridBey.Bahja,priority,,,
1338MuhammadFaridBey.Tarikh,priority,,,
1339IsmacilBashaBaghdadi.IdahMaknun,priority,,,
1340HabibAllahSharifKashani.DurraFakhira,priority,,,
1341CabdHayyTalibi.IclamBiMan,priority,,,
1345IbnJacfarKattani.RisalaMustatrafa,priority,,,
1346CabbasIbnMuhammadMadani.MukhtasarFathRabbArbab,priority,,,
1346CbdQadirBadran.Munadama,priority,,,
1346LuisShikhuYasuci.ShucaraNasraniyya,priority,,,
1347BashirYamut.Shacirat,priority,,,
1351IbnHusaynGhazzi.NahrDhahab,priority,,,
1351YusufIlyanSarkis.MucjamMatbucat,priority,,,
1354HasanSadr.Takmila,priority,,,
1355AhmadTahtawi.TanbihWaIqaz,priority,,,
1356AbuHudaKalbasi.SamaMaqal,priority,,,
1359CabbasQummi.Kuna,priority,,,
1360IbnQasimMakhluf.ShajaraNur,priority,,,
1368HasanAmin.MustadrakatAcyanShica,priority,,,
1372KurdCali.KhitatSham,priority,,,
1376CabdRahmanSacdi.Muallafat,priority,,,
1381MuhammadSancani.MulhaqBadr,priority,,,
1383CadbHayyKattani.FihrisFaharis,priority,,,
1389AghaBuzurgTihrani.DharicaFiTasanifShica,priority,,,
1389AghaBuzurgTihrani.DhaylKashfZunun,priority,,,
1389AghaBuzurgTihrani.TASHAnwarSatica,priority,,,
1389AghaBuzurgTihrani.TASHNawabighRuwat,priority,,,
1405CaliShahrudi.Mustadrakat,priority,,,
1408CumarKahhala.MucjamMuallifin,priority,,,
1408CumarKahhala.MucjamQabail,priority,,,
1413TajDinKhui.MucjamRijal,priority,,,
1418SalihAhmadArkani.TihfaMajalis,priority,,,
1419MahmudTanahi.MujizFiMarajic,priority,,,
1422MuhammadSalimMuhaysin.MucjamHuffazQuran,priority,,,
1422MuqbilWadici.TarajimRijal,priority,,,
1424IhsanCabbas.ShadharatMinKutubMafquda,priority,,,
1424MuhammadCaliAbtahi.TarikhAlZarara,priority,,,
1450CabdRahmanAlShaykh.Mashahir,priority,,,
1450MajmacFikrIslami.MawsucaMuallifiImamiya,priority,,,
1450MuhammadAbtahi.TahdhibMaqal,priority,,,
1450MuhammadHadiAmini.MucjamMatbicatNajafiya,priority,,,
1450MuhammadKhayrRamadan.TakmilaMucjamMuallifin,priority,,,
1450SalahMahmudKhaymi.FaharisCulumQuran,priority,,,
1450WalidUmawi.MucjamAshabIbnTaymiyya,priority,,,